{
  "model": "decision_tree",
  "train": {
    "mae": 0.25453191950640963,
    "rmse": 0.33194349630978104,
    "r2": 0.662324665976733
  },
  "val": {
    "mae": 0.26773909647361216,
    "rmse": 0.34939334967021407,
    "r2": 0.6146518344389451
  },
  "test": {
    "mae": 0.2612715917801766,
    "rmse": 0.34369486442975583,
    "r2": 0.6421814411777528
  },
  "max_depth": 4,
  "n_nodes": 31
}