{
  "model": "decision_tree",
  "mae": 0.2606230501022065,
  "rmse": 0.3418682563132394,
  "r2": 0.6459746749332205,
  "max_depth": 4,
  "n_nodes": 31
}