{
  "model": "linear_regression",
  "train": {
    "mae": 0.2641527085708313,
    "rmse": 0.34419214762358624,
    "r2": 0.6369445785964147
  },
  "val": {
    "mae": 0.26869891141064095,
    "rmse": 0.3517055599768768,
    "r2": 0.6095346549374903
  },
  "test": {
    "mae": 0.2636242109848432,
    "rmse": 0.3446252947229718,
    "r2": 0.6402414886280318
  }
}